{"1":[{"type":"comment","rect":{"left":72.44169776119404,"top":6.566820276497695,"width":5,"height":5},"color":"#ffff00","pageNumber":1,"id":"14a95d57-2476-4221-8481-d738cf5ce1c6"},{"type":"comment","rect":{"left":18.169291338582678,"top":56.443886861313864,"width":5,"height":5},"color":"#ffff00","pageNumber":1,"id":"a7fd37ba-6cdb-4b92-b162-f41c6f863764"}],"2":[{"type":"highlight","rect":null,"color":"#ffff00","pageNumber":2,"id":"4924dea2-bdc3-45a4-8a7a-8446b03bdf32","rects":[{"left":10.056594488188976,"top":36.2948600973236,"width":3.415585014763779,"height":1.338199513381995}]},{"type":"highlight","rect":null,"color":"#ffff00","pageNumber":2,"id":"ff536ded-1f04-4b64-80e5-c7fc00d3a600","rects":[{"left":52.85617618110236,"top":34.660127737226276,"width":38.750490203617126,"height":1.338199513381995},{"left":51.48129921259843,"top":36.08386557177616,"width":5.898216427780511,"height":1.338199513381995}]}]}